term,href
1337,https://en.wiktionary.org/wiki/1337
2,https://en.wiktionary.org/wiki/2
3DPD,https://en.wiktionary.org/wiki/3DPD
4,https://en.wiktionary.org/wiki/4
10q,https://en.wiktionary.org/wiki/10q
10x,https://en.wiktionary.org/wiki/10x
A C?,https://en.wiktionary.org/w/index.php?title=A_C%3F&action=edit&redlink=1
AAF,https://en.wiktionary.org/wiki/AAF
ADAD,https://en.wiktionary.org/w/index.php?title=ADAD&action=edit&redlink=1
ADIH,https://en.wiktionary.org/w/index.php?title=ADIH&action=edit&redlink=1
ADIP,https://en.wiktionary.org/w/index.php?title=ADIP&action=edit&redlink=1
AEAP,https://en.wiktionary.org/wiki/AEAP
AFAICR,https://en.wiktionary.org/wiki/AFAICR
AFAICS,https://en.wiktionary.org/wiki/AFAICS
AFAICT,https://en.wiktionary.org/wiki/AFAICT
AFAIK,https://en.wiktionary.org/wiki/AFAIK
AFAIR,https://en.wiktionary.org/wiki/AFAIR
AFAP,https://en.wiktionary.org/w/index.php?title=AFAP&action=edit&redlink=1
AFK,https://en.wiktionary.org/wiki/AFK
ALOL,https://en.wiktionary.org/w/index.php?title=ALOL&action=edit&redlink=1
ASAP,https://en.wiktionary.org/wiki/ASAP
ASL,https://en.wiktionary.org/wiki/asl
ASLP,https://en.wiktionary.org/w/index.php?title=ASLP&action=edit&redlink=1
ATEOTD,https://en.wiktionary.org/wiki/ATEOTD
ATB,https://en.wiktionary.org/wiki/ATB
ATM,https://en.wiktionary.org/wiki/ATM
AWOL,https://en.wiktionary.org/wiki/AWOL
AYBABTU,https://en.wiktionary.org/wiki/AYBABTU
AYB,https://en.wiktionary.org/w/index.php?title=AYB&action=edit&redlink=1
B2B,https://en.wiktionary.org/wiki/B2B
B2C,https://en.wiktionary.org/wiki/B2C
B4,https://en.wiktionary.org/wiki/B4
BBIAB,https://en.wiktionary.org/w/index.php?title=BBIAB&action=edit&redlink=1
BBQ,https://en.wiktionary.org/wiki/BBQ
BBL,https://en.wiktionary.org/wiki/BBL
BBS,https://en.wiktionary.org/wiki/BBS
BCNU,https://en.wiktionary.org/wiki/BCNU
BFF,https://en.wiktionary.org/wiki/BFF
BFN,https://en.wiktionary.org/w/index.php?title=BFN&action=edit&redlink=1
blog,https://en.wiktionary.org/wiki/blog
BOFH,https://en.wiktionary.org/wiki/BOFH
bot,https://en.wiktionary.org/wiki/bot
BRB,https://en.wiktionary.org/wiki/BRB
BSOD,https://en.wiktionary.org/wiki/BSOD
BTDT,https://en.wiktionary.org/wiki/BTDT
BTW,https://en.wiktionary.org/wiki/BTW
bump,https://en.wiktionary.org/wiki/bump
CMIIW,https://en.wiktionary.org/wiki/CMIIW
COB,https://en.wiktionary.org/wiki/COB
crawl,https://en.wiktionary.org/wiki/crawl
crapplet,https://en.wiktionary.org/wiki/crapplet
crapware,https://en.wiktionary.org/wiki/crapware
CU,https://en.wiktionary.org/wiki/CU
CYA,https://en.wiktionary.org/wiki/CYA
cyber-,https://en.wiktionary.org/wiki/cyber-
cyberspace,https://en.wiktionary.org/wiki/cyberspace
DFTT,https://en.wiktionary.org/w/index.php?title=DFTT&action=edit&redlink=1
DFTBA,https://en.wiktionary.org/wiki/DFTBA
DGAF,https://en.wiktionary.org/wiki/DGAF
DIAF,https://en.wiktionary.org/wiki/DIAF
DILLIGAF,https://en.wiktionary.org/w/index.php?title=DILLIGAF&action=edit&redlink=1
D/L,https://en.wiktionary.org/wiki/D/L
DND,https://en.wiktionary.org/wiki/DND
DOA,https://en.wiktionary.org/wiki/DOA
EOF,https://en.wiktionary.org/wiki/EOF
EOM,https://en.wiktionary.org/wiki/EOM
EOL,https://en.wiktionary.org/wiki/EOL
EQ,https://en.wiktionary.org/wiki/EQ
ESAD,https://en.wiktionary.org/wiki/ESAD
ETA,https://en.wiktionary.org/wiki/ETA
F9,https://en.wiktionary.org/wiki/F9
FAQ,https://en.wiktionary.org/wiki/FAQ
FFS,https://en.wiktionary.org/wiki/FFS
flamer,https://en.wiktionary.org/wiki/flamer
FMCDH,https://en.wiktionary.org/w/index.php?title=FMCDH&action=edit&redlink=1
FML,https://en.wiktionary.org/wiki/FML
FOAD,https://en.wiktionary.org/wiki/FOAD
FOAF,https://en.wiktionary.org/wiki/FOAF
FTFY,https://en.wiktionary.org/wiki/FTFY
FTR,https://en.wiktionary.org/wiki/FTR
FTL,https://en.wiktionary.org/wiki/FTL
FTW,https://en.wiktionary.org/wiki/FTW
FTW?,https://en.wiktionary.org/wiki/WTF
FU,https://en.wiktionary.org/wiki/FU
FUBAR,https://en.wiktionary.org/wiki/FUBAR
FUD,https://en.wiktionary.org/wiki/FUD
FWIW,https://en.wiktionary.org/wiki/FWIW
FYI,https://en.wiktionary.org/wiki/FYI
GBTW,https://en.wiktionary.org/wiki/GBTW
GF,https://en.wiktionary.org/wiki/GF
GFU,https://en.wiktionary.org/wiki/GFU
GFY,https://en.wiktionary.org/wiki/GFY
GG,https://en.wiktionary.org/wiki/GG
GGS,https://en.wiktionary.org/w/index.php?title=GGS&action=edit&redlink=1
GJ,https://en.wiktionary.org/wiki/GJ
GL,https://en.wiktionary.org/wiki/GL
GMTA,https://en.wiktionary.org/wiki/GMTA
Godwin's law,https://en.wiktionary.org/wiki/Godwin%27s_law
gratz,https://en.wiktionary.org/wiki/gratz
GTFO,https://en.wiktionary.org/wiki/GTFO
GTG,https://en.wiktionary.org/w/index.php?title=GTG&action=edit&redlink=1
G2G,https://en.wiktionary.org/wiki/G2G
GR,https://en.wiktionary.org/wiki/GR
HAND,https://en.wiktionary.org/wiki/HAND
handle,https://en.wiktionary.org/wiki/handle
HF,https://en.wiktionary.org/wiki/HF
haxor,https://en.wiktionary.org/wiki/haxor
H4x0r,https://en.wiktionary.org/w/index.php?title=H4x0r&action=edit&redlink=1
hit,https://en.wiktionary.org/wiki/hit
home page,https://en.wiktionary.org/wiki/home_page
hot list,https://en.wiktionary.org/w/index.php?title=hot_list&action=edit&redlink=1
HTH,https://en.wiktionary.org/wiki/HTH
IANAL,https://en.wiktionary.org/wiki/IANAL
IBTL,https://en.wiktionary.org/w/index.php?title=IBTL&action=edit&redlink=1
IDK,https://en.wiktionary.org/wiki/IDK
IHT,https://en.wiktionary.org/w/index.php?title=IHT&action=edit&redlink=1
IONO,https://en.wiktionary.org/w/index.php?title=IONO&action=edit&redlink=1
IIRC,https://en.wiktionary.org/wiki/IIRC
IIUC,https://en.wiktionary.org/wiki/IIUC
ILY,https://en.wiktionary.org/wiki/ILY
IMAO,https://en.wiktionary.org/wiki/IMAO
IMO,https://en.wiktionary.org/wiki/IMO
IMHO,https://en.wiktionary.org/wiki/IMHO
IMNSHO,https://en.wiktionary.org/wiki/IMNSHO
information superhighway,https://en.wiktionary.org/wiki/information_superhighway
IOW,https://en.wiktionary.org/wiki/IOW
IRC,https://en.wiktionary.org/wiki/IRC
IRL,https://en.wiktionary.org/wiki/IRL
ISTM,https://en.wiktionary.org/wiki/ISTM
ITYM,https://en.wiktionary.org/wiki/ITYM
IWSN,https://en.wiktionary.org/w/index.php?title=IWSN&action=edit&redlink=1
IYKWIM,https://en.wiktionary.org/wiki/IYKWIM
IZI,https://en.wiktionary.org/w/index.php?title=IZI&action=edit&redlink=1
jaggy,https://en.wiktionary.org/wiki/jaggy
JAS,https://en.wiktionary.org/w/index.php?title=JAS&action=edit&redlink=1
JFTR,https://en.wiktionary.org/wiki/JFTR
JK,https://en.wiktionary.org/wiki/JK
j/k,https://en.wiktionary.org/wiki/j/k
k,https://en.wiktionary.org/wiki/k
kk,https://en.wiktionary.org/wiki/kk
KISS,https://en.wiktionary.org/wiki/KISS
KOS,https://en.wiktionary.org/wiki/KOS
KTHX,https://en.wiktionary.org/w/index.php?title=KTHX&action=edit&redlink=1
kthxbye,https://en.wiktionary.org/wiki/kthxbye
l8r,https://en.wiktionary.org/wiki/l8r
lag,https://en.wiktionary.org/wiki/lag
lamer,https://en.wiktionary.org/wiki/lamer
leet,https://en.wiktionary.org/wiki/leet
LFG,https://en.wiktionary.org/wiki/LFG
LFM,https://en.wiktionary.org/w/index.php?title=LFM&action=edit&redlink=1
LMAO,https://en.wiktionary.org/wiki/LMAO
LMBO,https://en.wiktionary.org/wiki/LMBO
LMFAO,https://en.wiktionary.org/wiki/LMFAO
LMGTFY,https://en.wiktionary.org/wiki/LMGTFY
LMIRL,https://en.wiktionary.org/w/index.php?title=LMIRL&action=edit&redlink=1
LMK,https://en.wiktionary.org/wiki/LMK
LOL,https://en.wiktionary.org/wiki/LOL
LTNS,https://en.wiktionary.org/wiki/LTNS
lulz,https://en.wiktionary.org/wiki/lulz
lurker,https://en.wiktionary.org/wiki/lurker
LYLAB,https://en.wiktionary.org/w/index.php?title=LYLAB&action=edit&redlink=1
LYLAS,https://en.wiktionary.org/w/index.php?title=LYLAS&action=edit&redlink=1
MFW,https://en.wiktionary.org/wiki/MFW
MMO,https://en.wiktionary.org/wiki/MMO
MMORPG,https://en.wiktionary.org/wiki/MMORPG
MOTD,https://en.wiktionary.org/wiki/MOTD
MTFBWY,https://en.wiktionary.org/wiki/MTFBWY
MUD,https://en.wiktionary.org/wiki/MUD
MUSH,https://en.wiktionary.org/wiki/MUSH
MYOB,https://en.wiktionary.org/wiki/MYOB
M8,https://en.wiktionary.org/w/index.php?title=M8&action=edit&redlink=1
N1,https://en.wiktionary.org/w/index.php?title=N1&action=edit&redlink=1
NE1,https://en.wiktionary.org/w/index.php?title=NE1&action=edit&redlink=1
newbie,https://en.wiktionary.org/wiki/newbie
newb,https://en.wiktionary.org/wiki/newb
n00b,https://en.wiktionary.org/wiki/n00b
NGL,https://en.wiktionary.org/w/index.php?title=NGL&action=edit&redlink=1
NIFOC,https://en.wiktionary.org/wiki/NIFOC
NM,https://en.wiktionary.org/wiki/NM
N/M,https://en.wiktionary.org/w/index.php?title=N/M&action=edit&redlink=1
n0rp,https://en.wiktionary.org/wiki/pr0n
NP,https://en.wiktionary.org/wiki/NP
NS,https://en.wiktionary.org/wiki/NS
NSOH,https://en.wiktionary.org/w/index.php?title=NSOH&action=edit&redlink=1
NSFW,https://en.wiktionary.org/wiki/NSFW
NVM,https://en.wiktionary.org/wiki/NVM
NVMD,https://en.wiktionary.org/w/index.php?title=NVMD&action=edit&redlink=1
nm,https://en.wiktionary.org/wiki/nm
O RLY,https://en.wiktionary.org/wiki/O_RLY
OIC,https://en.wiktionary.org/wiki/OIC
OFN,https://en.wiktionary.org/w/index.php?title=OFN&action=edit&redlink=1
OMG,https://en.wiktionary.org/wiki/OMG
OMFG,https://en.wiktionary.org/wiki/OMFG
OMGWTF,https://en.wiktionary.org/w/index.php?title=OMGWTF&action=edit&redlink=1
OMW,https://en.wiktionary.org/wiki/OMW
ONOZ,https://en.wiktionary.org/w/index.php?title=ONOZ&action=edit&redlink=1
OP,https://en.wiktionary.org/wiki/OP
OS,https://en.wiktionary.org/wiki/OS
OT,https://en.wiktionary.org/wiki/OT
OTB,https://en.wiktionary.org/w/index.php?title=OTB&action=edit&redlink=1
OTOH,https://en.wiktionary.org/wiki/OTOH
OTP,https://en.wiktionary.org/wiki/OTP
P2P,https://en.wiktionary.org/wiki/P2P
PAW,https://en.wiktionary.org/w/index.php?title=PAW&action=edit&redlink=1
PEBKAC,https://en.wiktionary.org/wiki/PEBKAC
PEBCAK,https://en.wiktionary.org/wiki/PEBCAK
PITA,https://en.wiktionary.org/wiki/PITA
PLMK,https://en.wiktionary.org/w/index.php?title=PLMK&action=edit&redlink=1
PMSL,https://en.wiktionary.org/wiki/PMSL
POS,https://en.wiktionary.org/wiki/POS
POTS,https://en.wiktionary.org/wiki/POTS
POV,https://en.wiktionary.org/wiki/POV
PL,https://en.wiktionary.org/wiki/PL
PPL,https://en.wiktionary.org/wiki/PPL
PTKFGS,https://en.wiktionary.org/w/index.php?title=PTKFGS&action=edit&redlink=1
pr0n,https://en.wiktionary.org/wiki/pr0n
PW,https://en.wiktionary.org/wiki/PW
pwned,https://en.wiktionary.org/wiki/pwn
QFT,https://en.wiktionary.org/wiki/QFT
QWP,https://en.wiktionary.org/w/index.php?title=QWP&action=edit&redlink=1
rehi,https://en.wiktionary.org/wiki/rehi
re,https://en.wiktionary.org/wiki/re
RL,https://en.wiktionary.org/wiki/RL
RMS,https://en.wiktionary.org/wiki/RMS
ROFL,https://en.wiktionary.org/wiki/ROFL
ROTFL,https://en.wiktionary.org/wiki/ROTFL
ROFLMAO,https://en.wiktionary.org/wiki/ROFLMAO
ROTFLMAO,https://en.wiktionary.org/wiki/ROTFLMAO
ROFLMAOWPIMP,https://en.wiktionary.org/w/index.php?title=ROFLMAOWPIMP&action=edit&redlink=1
ROTFLMAOWPIMP,https://en.wiktionary.org/w/index.php?title=ROTFLMAOWPIMP&action=edit&redlink=1
ROFLOL,https://en.wiktionary.org/wiki/ROFLOL
ROTFLOL,https://en.wiktionary.org/wiki/ROTFLOL
RSN,https://en.wiktionary.org/wiki/RSN
RTFB,https://en.wiktionary.org/w/index.php?title=RTFB&action=edit&redlink=1
RTFS,https://en.wiktionary.org/w/index.php?title=RTFS&action=edit&redlink=1
RTFM,https://en.wiktionary.org/wiki/RTFM
RTM,https://en.wiktionary.org/wiki/RTM
SCNR,https://en.wiktionary.org/wiki/SCNR
SFW,https://en.wiktionary.org/wiki/SFW
sk8,https://en.wiktionary.org/wiki/sk8
sk8r,https://en.wiktionary.org/wiki/sk8r
sk8er,https://en.wiktionary.org/w/index.php?title=sk8er&action=edit&redlink=1
smiley,https://en.wiktionary.org/wiki/smiley
SMH,https://en.wiktionary.org/wiki/SMH
SNAFU,https://en.wiktionary.org/wiki/SNAFU
snail mail,https://en.wiktionary.org/wiki/snail_mail
SOHF,https://en.wiktionary.org/w/index.php?title=SOHF&action=edit&redlink=1
SOS,https://en.wiktionary.org/w/index.php?title=SOS_(internet_slang)&action=edit&redlink=1
spider,https://en.wiktionary.org/wiki/spider
STFU,https://en.wiktionary.org/wiki/STFU
STFW,https://en.wiktionary.org/wiki/STFW
TANSTAAFL,https://en.wiktionary.org/wiki/TANSTAAFL
TBF,https://en.wiktionary.org/wiki/TBF
TBH,https://en.wiktionary.org/wiki/TBH
TFW,https://en.wiktionary.org/wiki/tfw
TG,https://en.wiktionary.org/wiki/TG
TGIF,https://en.wiktionary.org/wiki/TGIF
THX,https://en.wiktionary.org/wiki/thx
THNX,https://en.wiktionary.org/wiki/thnx
TNX,https://en.wiktionary.org/wiki/tnx
TX,https://en.wiktionary.org/wiki/TX
TIA,https://en.wiktionary.org/wiki/TIA
TIL,https://en.wiktionary.org/wiki/TIL
TINC,https://en.wiktionary.org/wiki/TINC
TINS,https://en.wikipedia.org/wiki/there_is_no_spoon
TL;DR,https://en.wiktionary.org/wiki/TL;DR
TMI,https://en.wiktionary.org/wiki/TMI
toobs,https://en.wiktionary.org/w/index.php?title=toobs&action=edit&redlink=1
TOS,https://en.wiktionary.org/wiki/TOS
TTBOMK,https://en.wiktionary.org/wiki/TTBOMK
TTFN,https://en.wiktionary.org/wiki/TTFN
TTYL,https://en.wiktionary.org/wiki/TTYL
TTYN,https://en.wiktionary.org/w/index.php?title=TTYN&action=edit&redlink=1
TTYS,https://en.wiktionary.org/wiki/TTYS
tweedler,https://en.wiktionary.org/w/index.php?title=tweedler&action=edit&redlink=1
TY,https://en.wiktionary.org/wiki/TY
TYT,https://en.wiktionary.org/wiki/TYT
TYVM,https://en.wiktionary.org/wiki/tyvm
U,https://en.wiktionary.org/wiki/U
UTFSE,https://en.wiktionary.org/wiki/UTFSE
UGO,https://en.wiktionary.org/w/index.php?title=UGO&action=edit&redlink=1
URS,https://en.wiktionary.org/wiki/URS
w00t,https://en.wiktionary.org/wiki/w00t
w00T,https://en.wiktionary.org/w/index.php?title=w00T&action=edit&redlink=1
WOOT,https://en.wiktionary.org/w/index.php?title=WOOT&action=edit&redlink=1
W/,https://en.wiktionary.org/wiki/w/
W/O,https://en.wiktionary.org/wiki/w/o
WB,https://en.wiktionary.org/wiki/WB
WBU,https://en.wiktionary.org/wiki/wbu
W/E,https://en.wiktionary.org/wiki/w/e
W/E,https://en.wiktionary.org/wiki/w/e
WRT,https://en.wiktionary.org/wiki/WRT
WTB,https://en.wiktionary.org/wiki/WTB
WTF,https://en.wiktionary.org/wiki/WTF
WTG,https://en.wiktionary.org/wiki/WTG
WTH,https://en.wiktionary.org/wiki/WTH
WTS,https://en.wiktionary.org/wiki/WTS
WTT,https://en.wiktionary.org/wiki/WTT
WUG,https://en.wiktionary.org/w/index.php?title=WUG&action=edit&redlink=1
WUBU2,https://en.wiktionary.org/w/index.php?title=WUBU2&action=edit&redlink=1
WUU2,https://en.wiktionary.org/wiki/WUU2
WYSIWYG,https://en.wiktionary.org/wiki/WYSIWYG
W8,https://en.wiktionary.org/w/index.php?title=W8&action=edit&redlink=1
YAGNI,https://en.wiktionary.org/wiki/YAGNI
YAGTOH,https://en.wiktionary.org/w/index.php?title=YAGTOH&action=edit&redlink=1
YGM,https://en.wiktionary.org/wiki/YGM
YHBT,https://en.wiktionary.org/wiki/YHBT
YKW,https://en.wiktionary.org/w/index.php?title=YKW&action=edit&redlink=1
YMMV,https://en.wiktionary.org/wiki/YMMV
YOLO,https://en.wiktionary.org/wiki/YOLO
YOYO,https://en.wiktionary.org/wiki/YOYO
YTMND,https://en.wiktionary.org/w/index.php?title=YTMND&action=edit&redlink=1
YW,https://en.wiktionary.org/wiki/YW
ZOMG,https://en.wiktionary.org/wiki/ZOMG
